emotion,kind,layer,I_final,I_final_normalized
anger,attention,0,0.0101538033153672,0.00019449844310110497
anger,attention,1,0.0053745900500543,0.00010295151132779721
anger,attention,2,0.0200740602469288,0.0003845232513846697
anger,attention,3,0.0115686425771565,0.0002216000153011357
anger,attention,4,0.0428232642529209,0.0008202894981326618
anger,attention,5,0.013740174621624,0.00026319621218175393
anger,attention,6,0.0006399666761538,1.225870920309448e-05
anger,attention,7,0.023023244561547,0.00044101555675986944
anger,attention,8,0.0363968821197685,0.0006971906670001722
anger,attention,9,0.0947837458519775,0.0018156045007883582
anger,attention,10,0.1019444141754227,0.0019527687531592564
anger,attention,11,0.1367246793565991,0.0026189927500476326
anger,attention,12,0.3502389366945841,0.006708907567412297
anger,attention,13,0.720302550414723,0.013797561393117485
anger,attention,14,0.8615180611192153,0.01650257705283414
anger,attention,15,1.0014833166114547,0.019183643785758587
anger,attention,16,1.2338652543333926,0.023634973370144998
anger,attention,17,1.467607400511878,0.028112358061063863
anger,attention,18,1.6509550145261622,0.03162442387172517
anger,attention,19,1.8215659910854816,0.03489251645596159
anger,attention,20,1.9619421095239291,0.037581453363330374
anger,attention,21,2.1275386265647467,0.04075349281958607
anger,attention,22,2.244455978712841,0.042993071651085776
anger,attention,23,2.223688885809367,0.04259527319941116
anger,attention,24,2.147067789667241,0.041127578440562605
anger,attention,25,2.0178578704197263,0.03865253265266295
anger,attention,26,1.8019167776028997,0.03451613124228118
anger,attention,27,1.5721972506773905,0.030115800750423694
anger,mlp,0,0.0105283964072162,0.00020167386012447726
anger,mlp,1,0.0066681491324533,0.0001277299337348104
anger,mlp,2,-0.0195107237495833,-0.000373732410920988
anger,mlp,3,0.0142301563944997,0.0002725819259889153
anger,mlp,4,0.0478989899525954,0.000917516193936475
anger,mlp,5,0.0179967782665554,0.0003447324362077465
anger,mlp,6,-0.0058329362653262,-0.00011173123873661441
anger,mlp,7,0.028040829807473,0.0005371285587699334
anger,mlp,8,0.0442861034976724,0.0008483105210710082
anger,mlp,9,0.1087875159490023,0.0020838499450638987
anger,mlp,10,0.1402902716849578,0.0026872924930167953
anger,mlp,11,0.1860381015062408,0.003563602718765152
anger,mlp,12,0.5252250850125197,0.01006080757522397
anger,mlp,13,0.8220347628843951,0.015746265373687594
anger,mlp,14,0.9536936861004464,0.018268222397134607
anger,mlp,15,1.2018960011284625,0.02302259495563963
anger,mlp,16,1.4502693315440536,0.027780243353315116
anger,mlp,17,1.656448188735015,0.031729646889950086
anger,mlp,18,1.814189464207585,0.03475121738322173
anger,mlp,19,1.9784277491684532,0.03789723959089429
anger,mlp,20,2.1178027412856397,0.04056699969280554
anger,mlp,21,2.266553346568066,0.043416351826108375
anger,mlp,22,2.2465662929045687,0.043033495205885584
anger,mlp,23,2.1652238893204374,0.041475362714657286
anger,mlp,24,2.0213012470129854,0.03871849132505382
anger,mlp,25,1.8396989118851,0.03523985673377294
anger,mlp,26,1.6088514690187157,0.03081792075206742
anger,mlp,27,1.256009095272964,0.024059143747810954
disgust,attention,0,0.0408227963739209,0.0008295207483904399
disgust,attention,1,0.0089933507598172,0.00018274522363654456
disgust,attention,2,-0.0045787971159884,-9.304132856535815e-05
disgust,attention,3,0.0094908785007969,0.00019285500593225569
disgust,attention,4,0.010633315958124,0.00021606937777270748
disgust,attention,5,0.0038215885411427,7.765482201788091e-05
disgust,attention,6,0.015225021003537,0.0003093729959465087
disgust,attention,7,0.0658189487070369,0.0013374434982267053
disgust,attention,8,0.0406439720114928,0.0008258870306609371
disgust,attention,9,0.0587432182519073,0.00119366439086752
disgust,attention,10,0.0572729901552486,0.0011637893009821027
disgust,attention,11,0.0944162512529564,0.0019185417550083865
disgust,attention,12,0.1677622325817289,0.003408934837490671
disgust,attention,13,0.4314253625032631,0.008766579493974797
disgust,attention,14,0.5810840474058577,0.011807649565863299
disgust,attention,15,0.8717221236739268,0.017713426140509317
disgust,attention,16,0.9862938598885552,0.020041528103408295
disgust,attention,17,1.2610694694813531,0.025624978762228634
disgust,attention,18,1.465680319406627,0.029782678881646377
disgust,attention,19,1.7520244102460194,0.03560120151186028
disgust,attention,20,1.9297364302667703,0.03921231640206327
disgust,attention,21,2.057799790154515,0.04181456866235528
disgust,attention,22,2.183419556607956,0.04436716701271376
disgust,attention,23,2.238618826718686,0.04548881824486969
disgust,attention,24,2.167919386433649,0.04405220297533134
disgust,attention,25,2.082228603933161,0.04231096307155598
disgust,attention,26,1.86382541361098,0.03787300207967613
disgust,attention,27,1.600648818717894,0.032525243833158135
disgust,mlp,0,0.0389245598025558,0.000790948510298813
disgust,mlp,1,0.0070631999872631,0.00014352448778371348
disgust,mlp,2,-0.0002495095661812,-5.070043712180021e-06
disgust,mlp,3,0.0094504708759784,0.0001920339214853917
disgust,mlp,4,0.0130636445613531,0.0002654537458429261
disgust,mlp,5,0.0026655354995163,5.416378099547803e-05
disgust,mlp,6,0.0188602371795011,0.00038324072453683073
disgust,mlp,7,0.0749578299695963,0.001523145907119316
disgust,mlp,8,0.0485680023445063,0.000986903623250588
disgust,mlp,9,0.0394402946881192,0.0008014282624530999
disgust,mlp,10,0.0918863166783069,0.0018671333898753507
disgust,mlp,11,0.0724183178471167,0.0014715429258563364
disgust,mlp,12,0.3086735788217088,0.006272258660754417
disgust,mlp,13,0.5283218528164499,0.010735519799405464
disgust,mlp,14,0.8012419842818035,0.016281267073313076
disgust,mlp,15,0.9911231316736367,0.020139659086613082
disgust,mlp,16,1.248332989861555,0.02536617302022846
disgust,mlp,17,1.470985924627716,0.029890488978077535
disgust,mlp,18,1.7611983430815248,0.03578761617002548
disgust,mlp,19,1.9474910055158872,0.0395730900348419
disgust,mlp,20,2.0524931059532667,0.04170673664100695
disgust,mlp,21,2.1783469657024503,0.04426409177588599
disgust,mlp,22,2.256195572579339,0.04584597837782696
disgust,mlp,23,2.180891444334349,0.044315795676806026
disgust,mlp,24,2.084477546906821,0.04235666167685264
disgust,mlp,25,1.941578181220745,0.0394529412241264
disgust,mlp,26,1.6304564597764064,0.033130936213761605
disgust,mlp,27,1.3710887155465712,0.02786057395510655
fear,attention,0,0.0032655506172078,5.608935733932563e-05
fear,attention,1,-0.0226256063284855,-0.000388619215298654
fear,attention,2,0.0505278757510561,0.0008678708159242379
fear,attention,3,0.0399465221577269,0.0006861246443283829
fear,attention,4,0.0662823236556961,0.0011384704671900056
fear,attention,5,-0.0306810116535246,-0.0005269794983726166
fear,attention,6,0.1179084343068205,0.0020252046531774276
fear,attention,7,0.141762129357549,0.0024349176181253157
fear,attention,8,0.1362250116529358,0.0023398116436757414
fear,attention,9,0.3143874826675759,0.005399944427574187
fear,attention,10,0.4016462072244255,0.006898707226366071
fear,attention,11,0.3842051602681025,0.0065991384155351385
fear,attention,12,0.5595577290536915,0.009611008095078897
fear,attention,13,0.6742032178237307,0.01158016813598577
fear,attention,14,0.9354804281879082,0.016067886298893656
fear,attention,15,1.294374426621633,0.022232278183990442
fear,attention,16,1.3861659041073513,0.023808895907896175
fear,attention,17,1.590262431548746,0.02731447410933411
fear,attention,18,1.762165006281805,0.030267086416411734
fear,attention,19,1.9917647801782044,0.03421071040902187
fear,attention,20,2.0887918692979026,0.03587725541510806
fear,attention,21,2.240325513119217,0.03848000934347656
fear,attention,22,2.3297996462979333,0.040016824177104386
fear,attention,23,2.298464880252632,0.0394786157412597
fear,attention,24,2.2631538982141075,0.038872111503008205
fear,attention,25,2.111751403727741,0.036271610206056265
fear,attention,26,1.912115126503868,0.03284264161739085
fear,attention,27,1.7016947478523226,0.02922844444418816
fear,mlp,0,-0.0005947914606232,-1.0216185473125426e-05
fear,mlp,1,-0.0181147166586901,-0.0003111398152629673
fear,mlp,2,0.0447455693694152,0.0007685534612409921
fear,mlp,3,0.0276519382388638,0.0004749518922878479
fear,mlp,4,0.0464414884042743,0.0007976827015790612
fear,mlp,5,0.0241579420810349,0.0004149387361585258
fear,mlp,6,0.114275891173701,0.0019628118031721604
fear,mlp,7,0.1576002987685745,0.002706955276649001
fear,mlp,8,0.1685724720443928,0.0028954141982205756
fear,mlp,9,0.3284845255158822,0.005642076357662755
fear,mlp,10,0.4388415122128291,0.007537576745596988
fear,mlp,11,0.407802744388997,0.007004452398765741
fear,mlp,12,0.5803899250853786,0.009968823552364097
fear,mlp,13,0.7794131614265549,0.013387262502030192
fear,mlp,14,1.1536481591755268,0.01981515261251078
fear,mlp,15,1.3519736076647413,0.023221606302487596
fear,mlp,16,1.5696429809210863,0.026960312784043042
fear,mlp,17,1.7652436463208665,0.030319965382782716
fear,mlp,18,1.9816759572117504,0.03403742398267871
fear,mlp,19,2.107888342443676,0.03620525795794109
fear,mlp,20,2.235182983857149,0.03839168085152543
fear,mlp,21,2.3614576472842344,0.040560584522025225
fear,mlp,22,2.3247219478912635,0.039929609225086114
fear,mlp,23,2.269686068682258,0.0389843085829306
fear,mlp,24,2.108352305417457,0.03621322702291025
fear,mlp,25,1.9510016867311049,0.03351056027122806
fear,mlp,26,1.7398356605594758,0.029883555796866794
fear,mlp,27,1.4576033124621013,0.0250359105202224
happiness,attention,0,-0.2124469395794028,-0.0029699814639005235
happiness,attention,1,-0.0741355036317201,-0.001036405005593621
happiness,attention,2,0.0702187638048629,0.0009816494760118966
happiness,attention,3,-0.0087194114035892,-0.00012189627346975204
happiness,attention,4,0.2268487934898365,0.0031713175680801024
happiness,attention,5,0.2068109767905872,0.0028911914137959922
happiness,attention,6,0.2889351545962597,0.004039277078403822
happiness,attention,7,0.374465529493889,0.005234980949447253
happiness,attention,8,0.5056981483179407,0.007069596435733808
happiness,attention,9,0.7197576069816142,0.010062120713383266
happiness,attention,10,0.9089608395876928,0.01270715808065534
happiness,attention,11,1.2141792979113757,0.016974073694767198
happiness,attention,12,1.7620089245625885,0.024632662892384388
happiness,attention,13,1.916941047390733,0.02679859446039536
happiness,attention,14,1.8066578031633167,0.02525684859301457
happiness,attention,15,1.768734783049326,0.024726689547105687
happiness,attention,16,1.950184399263274,0.027263332333554827
happiness,attention,17,2.072305809591999,0.028970574272364415
happiness,attention,18,2.156284691350402,0.03014458846468622
happiness,attention,19,2.167841219103809,0.030306147267475384
happiness,attention,20,2.1883505961909995,0.030592865776603806
happiness,attention,21,2.2453310542405154,0.031389445405129696
happiness,attention,22,2.247778437512495,0.031423659515096306
happiness,attention,23,2.1988519268796805,0.03073967305729902
happiness,attention,24,2.0597387666193274,0.02879488859405449
happiness,attention,25,1.940416859451624,0.027126783356921216
happiness,attention,26,1.747129974858603,0.024424657049087087
happiness,attention,27,1.5863826137519754,0.022177429182200486
happiness,mlp,0,-0.198295404353501,-0.0027721447834104527
happiness,mlp,1,0.0654033897475353,0.000914331153044645
happiness,mlp,2,-0.0729767864187536,-0.0010202062848625713
happiness,mlp,3,-0.0275325844434498,-0.00038490206360331923
happiness,mlp,4,0.2285785231859464,0.0031954989714233343
happiness,mlp,5,0.2130824864631647,0.0029788663293071494
happiness,mlp,6,0.3248343131419831,0.004541142794433942
happiness,mlp,7,0.4279660554742433,0.005982911565840966
happiness,mlp,8,0.6593656705097615,0.009217849046088087
happiness,mlp,9,0.7656404198207882,0.010703556659289336
happiness,mlp,10,1.0798066689170884,0.015095561261692323
happiness,mlp,11,1.1879590366501271,0.016607517744002695
happiness,mlp,12,1.579212060852801,0.022077185755589455
happiness,mlp,13,1.7584982427721754,0.02458358400302113
happiness,mlp,14,1.6807306227509011,0.023496402467659366
happiness,mlp,15,1.828089292575255,0.025556458116330144
happiness,mlp,16,2.0180569398579715,0.028212181904526155
happiness,mlp,17,2.157691405925281,0.030164254157308862
happiness,mlp,18,2.17079070218967,0.030347380669615412
happiness,mlp,19,2.202005070423286,0.03078375360699329
happiness,mlp,20,2.2375876990718817,0.03128119427491916
happiness,mlp,21,2.2612967485498863,0.03161264380116689
happiness,mlp,22,2.222908595865263,0.031075982260490274
happiness,mlp,23,2.068270736144074,0.028914164453660796
happiness,mlp,24,1.9413483293374936,0.02713980518863454
happiness,mlp,25,1.7665412264348672,0.024696023901849242
happiness,mlp,26,1.619179535029807,0.022635926011860666
happiness,mlp,27,1.3298513629439053,0.018591154598440598
sadness,attention,0,0.0990050316428423,0.0016760343343755772
sadness,attention,1,-0.0571496630485933,-0.0009674740351882154
sadness,attention,2,-0.0128087724699965,-0.0002168368827794911
sadness,attention,3,0.0123324439917919,0.00020877322307791374
sadness,attention,4,0.0339777402188073,0.0005752016666855142
sadness,attention,5,-0.0012675757106416,-2.145850950404132e-05
sadness,attention,6,-0.0149392681133376,-0.0002529035734135466
sadness,attention,7,0.0570976636438909,0.0009665937487401214
sadness,attention,8,0.0580036551152244,0.0009819310784435675
sadness,attention,9,0.1051115490088908,0.0017794102194101833
sadness,attention,10,0.157778248374282,0.0026709931516097083
sadness,attention,11,0.2503155757226459,0.004237537147138271
sadness,attention,12,0.5259361901800923,0.008903457711244985
sadness,attention,13,0.9729281914094312,0.016470486667452433
sadness,attention,14,1.225593459764496,0.020747801242685167
sadness,attention,15,1.6460821852025862,0.027866162091196803
sadness,attention,16,1.7106316195951563,0.028958905222644434
sadness,attention,17,1.9193103235118256,0.032491580954510824
sadness,attention,18,2.0417628354295645,0.03456455250857327
sadness,attention,19,2.070635563305013,0.03505333254776266
sadness,attention,20,2.23854786407447,0.037895882836205035
sadness,attention,21,2.2781903633319858,0.03856698195867937
sadness,attention,22,2.2612970364208933,0.0382809985550584
sadness,attention,23,2.238477751704678,0.03789469591936773
sadness,attention,24,2.1331291282709657,0.036111272319332234
sadness,attention,25,2.0073243197518607,0.03398155047581814
sadness,attention,26,1.769958963621052,0.02996324473857349
sadness,attention,27,1.592476519389677,0.026958683603198218
sadness,mlp,0,0.0912504593798281,0.0015447588916476325
sadness,mlp,1,-0.0516017644188041,-0.0008735548834757461
sadness,mlp,2,-0.0133462722968355,-0.0002259360987441195
sadness,mlp,3,0.0158146131283706,0.000267722096020684
sadness,mlp,4,0.0382993821390373,0.0006483617891458756
sadness,mlp,5,0.0011160666726538,1.8893646431709536e-05
sadness,mlp,6,-0.0353239426726664,-0.000597991230975822
sadness,mlp,7,0.0669499665049783,0.0011333812098806685
sadness,mlp,8,0.0627536136789211,0.0010623420788494497
sadness,mlp,9,0.146609118203247,0.0024819134115082546
sadness,mlp,10,0.2303294995497259,0.0038991972737053705
sadness,mlp,11,0.2520400926336895,0.004266731113395938
sadness,mlp,12,0.7197404623185641,0.012184327469708723
sadness,mlp,13,1.044049887200201,0.017674490161884555
sadness,mlp,14,1.4570882721773362,0.02466672584071396
sadness,mlp,15,1.6898449991764597,0.028607013112321708
sadness,mlp,16,1.914814211934828,0.032415467273729265
sadness,mlp,17,2.0469829299753863,0.03465292233728103
sadness,mlp,18,2.0791574204512884,0.035197597186971366
sadness,mlp,19,2.2541592375778534,0.03816016433346087
sadness,mlp,20,2.2666650130216777,0.03837187184644318
sadness,mlp,21,2.273660384866041,0.03849029495280784
sadness,mlp,22,2.248841708470603,0.03807014505656246
sadness,mlp,23,2.140725581408654,0.03623987099827787
sadness,mlp,24,2.0083942126948084,0.03399966245736829
sadness,mlp,25,1.8044463177221255,0.030547073546221232
sadness,mlp,26,1.6351264030488444,0.027680694072603044
sadness,mlp,27,1.3626776432051608,0.0230684691353559
surprise,attention,0,0.0571048042225448,0.0010610123769499464
surprise,attention,1,0.0131632305471054,0.00024457400250766596
surprise,attention,2,-0.0021133955381504,-3.926707838152606e-05
surprise,attention,3,-0.0127578685925001,-0.00023704234108554262
surprise,attention,4,-0.0177181636432993,-0.0003292050673898161
surprise,attention,5,-0.0491984653840385,-0.0009141118932126534
surprise,attention,6,0.0432866594407798,0.0008042700093060211
surprise,attention,7,0.0360303585030249,0.0006694472879842325
surprise,attention,8,-0.0318124537893241,-0.0005910782406341803
surprise,attention,9,-0.0388820161533883,-0.0007224313425318717
surprise,attention,10,0.0141472943526063,0.00026285799614988054
surprise,attention,11,0.0180157402131901,0.00033473406671032856
surprise,attention,12,0.2436857895241482,0.004527703794663649
surprise,attention,13,0.6459076637927446,0.012001022242895041
surprise,attention,14,0.8211848487047617,0.015257688036964496
surprise,attention,15,1.3013057717057424,0.02417837778753994
surprise,attention,16,1.5035424149434244,0.027935952731878468
surprise,attention,17,1.5954802838729216,0.029644166570848028
surprise,attention,18,1.7882312277214836,0.033225496370966105
surprise,attention,19,1.8973607307430385,0.03525313231110569
surprise,attention,20,2.111977187891018,0.039240725306674606
surprise,attention,21,2.206289228959088,0.04099305147661756
surprise,attention,22,2.2562988577750107,0.0419222348590451
surprise,attention,23,2.2261594908638664,0.041362242722454694
surprise,attention,24,2.129592138841466,0.03956801267298718
surprise,attention,25,2.0092414470742948,0.03733188604094728
surprise,attention,26,1.7819790412547645,0.033109330186447974
surprise,attention,27,1.590907359957526,0.029559201234933795
surprise,mlp,0,0.0506642563789059,0.0009413464211783772
surprise,mlp,1,0.0147532161687544,0.00027411607776227343
surprise,mlp,2,0.0008598445960262,1.5975989604691604e-05
surprise,mlp,3,-0.0069125570962473,-0.00012843592995974242
surprise,mlp,4,0.0116372384284526,0.00021622093227019758
surprise,mlp,5,-0.0475361687538868,-0.0008832262729436527
surprise,mlp,6,0.0599903799699007,0.0011146266327775232
surprise,mlp,7,0.0511919036968316,0.0009511501556032752
surprise,mlp,8,-0.0195340793698019,-0.0003629449442276506
surprise,mlp,9,0.0221955392575125,0.0004123951073104603
surprise,mlp,10,0.0819950148747618,0.0015234747201176954
surprise,mlp,11,0.0647224894340557,0.001202549650444892
surprise,mlp,12,0.4511403312228537,0.00838222775974023
surprise,mlp,13,0.6916539480863494,0.012850992302258685
surprise,mlp,14,1.0937332257811256,0.020321661293377077
surprise,mlp,15,1.4693296754597698,0.027300276968066105
surprise,mlp,16,1.5901987286505408,0.029546034801782646
surprise,mlp,17,1.7796894314998783,0.033066789032137174
surprise,mlp,18,1.8864396111140616,0.03505021693026772
surprise,mlp,19,2.13184347555998,0.03960984271085433
surprise,mlp,20,2.186626757766474,0.04062772100082286
surprise,mlp,21,2.394785115955036,0.04449532193931711
surprise,mlp,22,2.3764354696090475,0.044154383866753646
surprise,mlp,23,2.2557709232107044,0.041912425787556724
surprise,mlp,24,2.116731355422828,0.039329058165214606
surprise,mlp,25,1.9357419888468923,0.03596625952422766
surprise,mlp,26,1.7027478220996124,0.031637207038335315
surprise,mlp,27,1.335749654566872,0.02481834821600775
