layer,head,mean_importance,std_importance,samples,baseline_mean
0,0,0.03908157645564947,0.0030853326191342617,478,0.14609121816489987
0,1,-0.014392855994122796,0.002101436371052085,478,0.14609121816489987
0,2,0.005127047083367862,0.0002904174545155909,478,0.14609121816489987
0,3,0.006172289339256586,0.0015316343043774274,478,0.14609121816489987
0,4,-0.0020819848956672715,0.00043908348243909925,478,0.14609121816489987
0,5,0.015327478708333052,0.0024136252109151165,478,0.14609121816489987
0,6,-0.007822031957958532,0.003079772018460086,478,0.14609121816489987
0,7,0.007487719122585393,0.015413248285684588,478,0.14609121816489987
0,8,0.01057377300969477,0.0016691508207067442,478,0.14609121816489987
0,9,0.026706669986185667,0.00236309261508134,478,0.14609121816489987
0,10,-0.01996172704270195,0.010398587542891111,478,0.14609121816489987
0,11,0.00890266476783543,0.005235049384955366,478,0.14609121816489987
0,12,0.09910232693377773,0.00428986972258592,478,0.14609121816489987
0,13,-0.007964109261539691,0.0068916622015127715,478,0.14609121816489987
0,14,0.023518326844256292,0.006333990069172705,478,0.14609121816489987
0,15,-0.020646503296482013,0.0035120654410194917,478,0.14609121816489987
0,16,0.03911512185698648,0.001541117317044576,478,0.14609121816489987
0,17,0.013886551844213299,0.01002146230237406,478,0.14609121816489987
0,18,-0.0059194726300538835,0.0006308589590678887,478,0.14609121816489987
0,19,0.005048214056564176,0.0013044650851981535,478,0.14609121816489987
0,20,0.0024878136564248777,0.000560353722811519,478,0.14609121816489987
0,21,0.045059502900239065,0.015093473474505993,478,0.14609121816489987
0,22,-0.017112138256368276,0.0017315416541195706,478,0.14609121816489987
0,23,-0.024425613799105128,0.0018343187934316768,478,0.14609121816489987
1,0,0.02484703874488256,0.003490122142096476,478,-0.2798934538837008
1,1,0.003014847402418009,0.0004571159378072111,478,-0.2798934538837008
1,2,-0.013089078084943683,0.0013431611454672206,478,-0.2798934538837008
1,3,0.0032389058914643453,0.0003016924065185029,478,-0.2798934538837008
1,4,0.0013889807069900147,0.0004995627901005169,478,-0.2798934538837008
1,5,-0.024180047276379173,0.0031797281234255555,478,-0.2798934538837008
1,6,0.007353544905470006,0.011196331647499502,478,-0.2798934538837008
1,7,-0.030472023373617787,0.0034757266408851424,478,-0.2798934538837008
1,8,0.0028139958197102885,0.003100354467181054,478,-0.2798934538837008
1,9,-0.06231920615181514,0.012047484808713642,478,-0.2798934538837008
1,10,0.002740247276412892,0.0009051079560737497,478,-0.2798934538837008
1,11,0.0019835576446235927,0.0026454593910867096,478,-0.2798934538837008
1,12,0.008624753365332112,0.0002654775173120628,478,-0.2798934538837008
1,13,0.01662950619868155,0.00046506641501456843,478,-0.2798934538837008
1,14,0.00861317591125995,0.0013287403457010773,478,-0.2798934538837008
1,15,0.005202054057784659,0.0012946650149714522,478,-0.2798934538837008
1,16,0.01606091353496747,0.0008339636412676898,478,-0.2798934538837008
1,17,0.012824170244662831,0.0013863646883281924,478,-0.2798934538837008
1,18,-0.0013544900054462785,0.0005350502350418472,478,-0.2798934538837008
1,19,0.01424275312151869,0.0002621750857939765,478,-0.2798934538837008
1,20,0.0044283440422313485,0.0008764071337525837,478,-0.2798934538837008
1,21,-0.0480969327357773,0.05701152273272559,478,-0.2798934538837008
1,22,0.005537957093331604,0.0027023104938933688,478,-0.2798934538837008
1,23,-0.035039954425213723,0.016398445265246777,478,-0.2798934538837008
2,0,0.0014277096042822595,0.0007959441535078773,478,-0.2598470667197864
2,1,-0.002173465820785347,0.0008370065556836876,478,-0.2598470667197864
2,2,0.0006215275113303292,0.0010648933185642099,478,-0.2598470667197864
2,3,-0.016846559458571997,0.013527677538439267,478,-0.2598470667197864
2,4,0.09869994022045674,0.007259370825050964,478,-0.2598470667197864
2,5,-0.004811008838804197,0.003236199934640223,478,-0.2598470667197864
2,6,0.0014841608297874738,0.0009464905677419041,478,-0.2598470667197864
2,7,0.0024847048938773167,0.0010647972152364093,478,-0.2598470667197864
2,8,0.005508116582821603,0.00263831656969493,478,-0.2598470667197864
2,9,0.00037200610196241277,0.0020999629608722124,478,-0.2598470667197864
2,10,0.0046300684651320945,0.0030797140866260183,478,-0.2598470667197864
2,11,-0.0731421037417326,0.0060436404960855245,478,-0.2598470667197864
2,12,0.002747707162442068,0.001183770396493934,478,-0.2598470667197864
2,13,0.004741441645507534,0.0014876033126797498,478,-0.2598470667197864
2,14,0.048148197655772565,0.03005083966265083,478,-0.2598470667197864
2,15,-0.006171238254054321,0.000739179707611315,478,-0.2598470667197864
2,16,-0.025429300589790902,0.002751074355661181,478,-0.2598470667197864
2,17,-0.042441459910390764,0.004028662563031731,478,-0.2598470667197864
2,18,0.0029580023716433775,0.003487897876553055,478,-0.2598470667197864
2,19,-0.004397575840915097,0.001596018513829325,478,-0.2598470667197864
2,20,0.0010786564030906645,0.0011672076459926346,478,-0.2598470667197864
2,21,-0.004989986841773388,0.0008775591257581748,478,-0.2598470667197864
2,22,0.0010894932102209355,0.002051533149702301,478,-0.2598470667197864
2,23,0.0009490556266766711,0.0012419765846554682,478,-0.2598470667197864
3,0,0.11451162209258918,0.019884582687473343,478,0.24720308844732689
3,1,0.1841915395874608,0.024045200169850334,478,0.24720308844732689
3,2,0.01604290473348925,0.011382951922672286,478,0.24720308844732689
3,3,-0.0030343648451516816,0.0018327344894509998,478,0.24720308844732689
3,4,-0.004913402393959057,0.0016729466469993322,478,0.24720308844732689
3,5,-0.016974710496960824,0.0014095064925614632,478,0.24720308844732689
3,6,0.015747557787777988,0.0015894240672931648,478,0.24720308844732689
3,7,0.01596093849594623,0.002647189143826694,478,0.24720308844732689
3,8,-0.004340138107101788,0.001444520030951334,478,0.24720308844732689
3,9,-0.01053457035367459,0.0018248057481264318,478,0.24720308844732689
3,10,-0.005735212820094999,0.003056893202259334,478,0.24720308844732689
3,11,0.0016330402095073436,0.00805287708254847,478,0.24720308844732689
3,12,0.016333064769694747,0.0005705599906453223,478,0.24720308844732689
3,13,0.00993037175496253,0.0005210047438682974,478,0.24720308844732689
3,14,-0.007844525159465219,0.0012852305263705338,478,0.24720308844732689
3,15,-0.08258689576798901,0.04089798267164101,478,0.24720308844732689
3,16,0.057391117576307084,0.05746782829241533,478,0.24720308844732689
3,17,0.025254239994549354,0.01223623551323246,478,0.24720308844732689
3,18,0.010914418963271205,0.0057966376989249755,478,0.24720308844732689
3,19,0.020348326369309524,0.004417571588797851,478,0.24720308844732689
3,20,0.024547760768415538,0.004454616343199491,478,0.24720308844732689
3,21,0.01108328479042113,0.004680668606631076,478,0.24720308844732689
3,22,0.03731830625027169,0.030768971418105116,478,0.24720308844732689
3,23,0.04134083653422205,0.023787357887811424,478,0.24720308844732689
4,0,0.06569685260122292,0.012965991783453966,478,1.3793297325218072
4,1,0.1258126240395103,0.08384916728003773,478,1.3793297325218072
4,2,0.007752948350986178,0.07210475160895621,478,1.3793297325218072
4,3,-0.006225574964259958,0.006613632461504815,478,1.3793297325218072
4,4,0.005971039937629859,0.00598001446019404,478,1.3793297325218072
4,5,0.017294242666356235,0.01211465642723735,478,1.3793297325218072
4,6,0.015785092900986453,0.00812333739229808,478,1.3793297325218072
4,7,-0.0013508443178990896,0.013725542797342283,478,1.3793297325218072
4,8,-0.028584211191871677,0.00783026698374923,478,1.3793297325218072
4,9,0.015874677497472723,0.0027662600269693647,478,1.3793297325218072
4,10,0.008471215369811118,0.004079270018290149,478,1.3793297325218072
4,11,-0.005044893552568667,0.001284040608011292,478,1.3793297325218072
4,12,-0.02301649942557682,0.0012737113238641348,478,1.3793297325218072
4,13,-0.0027513255883460266,0.00515979271584784,478,1.3793297325218072
4,14,-0.021247364611805233,0.003023339515010354,478,1.3793297325218072
4,15,0.01067168480681575,0.006029684199778641,478,1.3793297325218072
4,16,-0.1255164995602484,0.016838207705383006,478,1.3793297325218072
4,17,0.023544845845410015,0.008697719518194954,478,1.3793297325218072
4,18,-0.00940258607704769,0.0029011013602491774,478,1.3793297325218072
4,19,0.006508857759970501,0.022793417877429136,478,1.3793297325218072
4,20,0.013137870440922022,0.006502164879025985,478,1.3793297325218072
4,21,-0.005335585342790292,0.002041511104669288,478,1.3793297325218072
4,22,0.04906948702604701,0.008147448896073052,478,1.3793297325218072
4,23,0.9257229226388068,0.10288667643422744,478,1.3793297325218072
5,0,0.04224456332343393,0.005651734036948854,478,0.16296402195071077
5,1,-0.00036310252565968486,0.0026697354013605168,478,0.16296402195071077
5,2,0.022704374388047344,0.00617788897964256,478,0.16296402195071077
5,3,0.06778017007921155,0.010125532076661397,478,0.16296402195071077
5,4,0.03044079834883682,0.0031620407335560883,478,0.16296402195071077
5,5,0.046466991009198474,0.005156633236474176,478,0.16296402195071077
5,6,0.008602972738600676,0.00042780345013784544,478,0.16296402195071077
5,7,0.004055698219078854,0.0006408730375371132,478,0.16296402195071077
5,8,-0.012145909297603443,0.0009623268549577443,478,0.16296402195071077
5,9,-0.006366435126654773,0.003911540453714394,478,0.16296402195071077
5,10,0.005447909960749259,0.00487021521829864,478,0.16296402195071077
5,11,0.00528755640634433,0.004964304927007584,478,0.16296402195071077
5,12,0.03313362426182964,0.015387108705625568,478,0.16296402195071077
5,13,0.034748471649870216,0.00921551280454705,478,0.16296402195071077
5,14,0.036358521643355804,0.0152473407475296,478,0.16296402195071077
5,15,0.07893713883993267,0.011408504131396165,478,0.16296402195071077
5,16,0.0015175136343953998,0.002706323134259068,478,0.16296402195071077
5,17,0.013542712467360198,0.002267751968389529,478,0.16296402195071077
5,18,-0.321229537364454,0.037358007498659904,478,0.16296402195071077
5,19,-0.004362429012875676,0.00430594693682725,478,0.16296402195071077
5,20,0.1427225956194508,0.04062380227003266,478,0.16296402195071077
5,21,0.03255151711778411,0.008823412641020144,478,0.16296402195071077
5,22,0.008244555420144831,0.0017670573251156823,478,0.16296402195071077
5,23,0.005417694388323748,0.01142095143855989,478,0.16296402195071077
6,0,-0.0013064267269674705,0.006420236809699503,478,-0.21025781407484698
6,1,-0.0010014409472129334,0.0018672116397220105,478,-0.21025781407484698
6,2,0.0428604409994877,0.005309343731663849,478,-0.21025781407484698
6,3,-0.003080211330407833,0.01777807415132136,478,-0.21025781407484698
6,4,0.15869896216746654,0.02777990091000724,478,-0.21025781407484698
6,5,0.05293685104697943,0.009610708814061808,478,-0.21025781407484698
6,6,0.005932085247219357,0.0008905667242910897,478,-0.21025781407484698
6,7,-0.0056192628088481255,0.0007855346331403896,478,-0.21025781407484698
6,8,-0.0012761533073301595,0.00045063695712804764,478,-0.21025781407484698
6,9,-0.025966036753050953,0.0027768418428153786,478,-0.21025781407484698
6,10,0.08589037298127447,0.009575470131681283,478,-0.21025781407484698
6,11,-0.0590535210032468,0.00933689735774492,478,-0.21025781407484698
6,12,-0.000436546701828805,0.0009396072635086193,478,-0.21025781407484698
6,13,0.0038789042415853323,0.0037258041242921353,478,-0.21025781407484698
6,14,-0.004564687379764463,0.002441888558290249,478,-0.21025781407484698
6,15,0.051675319414445545,0.02642697132166103,478,-0.21025781407484698
6,16,0.016405609471403904,0.011186692482194525,478,-0.21025781407484698
6,17,-0.006974148244507393,0.017902600404998383,478,-0.21025781407484698
6,18,-0.013565233616337616,0.003325926687741196,478,-0.21025781407484698
6,19,0.0013703350445341367,0.0018764880805935585,478,-0.21025781407484698
6,20,0.009312057111677265,0.0007662972705966235,478,-0.21025781407484698
6,21,0.012132132316795352,0.000739508033145309,478,-0.21025781407484698
6,22,-0.02921614295580896,0.010949360405460386,478,-0.21025781407484698
6,23,0.014338734766242395,0.0011063979485372868,478,-0.21025781407484698
7,0,-0.04119872242586383,0.005378034613170256,478,0.46997674810213025
7,1,0.01233521172441698,0.003066817153962422,478,0.46997674810213025
7,2,0.008629252814598164,0.003206722785995136,478,0.46997674810213025
7,3,0.006669008956294679,0.004707783635771055,478,0.46997674810213025
7,4,0.10037399623465089,0.010942137952606746,478,0.46997674810213025
7,5,-0.05520510820040643,0.007917699003830094,478,0.46997674810213025
7,6,0.0013800746289756008,0.013848748791560641,478,0.46997674810213025
7,7,0.35874587089353277,0.034664249489348584,478,0.46997674810213025
7,8,0.09732101277046872,0.018668124970479552,478,0.46997674810213025
7,9,-0.0038515982455788298,0.004375797690498623,478,0.46997674810213025
7,10,-0.01201931558642926,0.01836146743268074,478,0.46997674810213025
7,11,0.036146612502790394,0.019466210062287218,478,0.46997674810213025
7,12,0.17016414552927017,0.029080157666882454,478,0.46997674810213025
7,13,0.006360794522772275,0.005324112027872249,478,0.46997674810213025
7,14,0.019283847174135713,0.011622887510587054,478,0.46997674810213025
7,15,0.01765442145481768,0.009848733368536517,478,0.46997674810213025
7,16,0.019049857294958505,0.008674995113667257,478,0.46997674810213025
7,17,-0.003860779044269019,0.0073305547387722365,478,0.46997674810213025
7,18,-0.14803180095416232,0.02835133879988352,478,0.46997674810213025
7,19,0.040247805884193674,0.006858969747256689,478,0.46997674810213025
7,20,-0.013292062949685372,0.0026093191310504146,478,0.46997674810213025
7,21,0.0492559634928424,0.026356040991602638,478,0.46997674810213025
7,22,-0.15409208697005794,0.03894069731909467,478,0.46997674810213025
7,23,0.012835649391597285,0.007128921194387085,478,0.46997674810213025
8,0,0.01200638605460961,0.0015913825298298808,478,1.9205036492527279
8,1,-0.02556523817852451,0.011580190732757246,478,1.9205036492527279
8,2,0.0075317469102069426,0.0010362330492193397,478,1.9205036492527279
8,3,0.022090026524276413,0.005059197735492815,478,1.9205036492527279
8,4,-0.011273909562801217,0.014855876588113595,478,1.9205036492527279
8,5,0.0031725078447094523,0.007698544182363345,478,1.9205036492527279
8,6,0.0014871625720706445,0.0024334097965262027,478,1.9205036492527279
8,7,0.0012584136619727482,0.0037006732931587796,478,1.9205036492527279
8,8,0.030308194240266807,0.00207790656328109,478,1.9205036492527279
8,9,0.015340491568194274,0.013432591097711808,478,1.9205036492527279
8,10,0.1413385089970034,0.01659918608436276,478,1.9205036492527279
8,11,-0.0507143486493801,0.09340555143908309,478,1.9205036492527279
8,12,0.05172505114367816,0.019997161786694643,478,1.9205036492527279
8,13,0.11844011131190854,0.012342402334769806,478,1.9205036492527279
8,14,0.45389295434852023,0.04476044456154382,478,1.9205036492527279
8,15,0.008598260051535762,0.0022932030283127924,478,1.9205036492527279
8,16,0.03892664455469682,0.0036916727481035496,478,1.9205036492527279
8,17,-0.015003823834981878,0.008664040818262029,478,1.9205036492527279
8,18,0.04098960146245597,0.022687939299753723,478,1.9205036492527279
8,19,0.5813374556756917,0.07854571597054623,478,1.9205036492527279
8,20,-0.2390330887738631,0.026601225165966753,478,1.9205036492527279
8,21,0.05389001204877718,0.014058684887551055,478,1.9205036492527279
8,22,-0.08348320692652937,0.011361778424844622,478,1.9205036492527279
8,23,-0.058077908460066406,0.025551669827745725,478,1.9205036492527279
9,0,0.03040055051508309,0.009895823390369284,478,2.6350572657884412
9,1,-0.01035082789145753,0.027946927554523073,478,2.6350572657884412
9,2,-0.06555258778847411,0.009594602941195933,478,2.6350572657884412
9,3,0.06858776378831105,0.013617056470018443,478,2.6350572657884412
9,4,-0.0029960307117286584,0.0032151146562074805,478,2.6350572657884412
9,5,-0.024640813033451097,0.003480208499146765,478,2.6350572657884412
9,6,-0.01369695982673677,0.003437209840190395,478,2.6350572657884412
9,7,0.02311268411420878,0.0027185350876607938,478,2.6350572657884412
9,8,0.020698423664938955,0.004493665791568932,478,2.6350572657884412
9,9,-0.11515540109019898,0.013876049225264125,478,2.6350572657884412
9,10,0.20139721771663202,0.013664607463201184,478,2.6350572657884412
9,11,0.101997031078179,0.012124655326519483,478,2.6350572657884412
9,12,-0.10775800130357303,0.01575321195015169,478,2.6350572657884412
9,13,-0.07398937935609698,0.00921785498240854,478,2.6350572657884412
9,14,0.04242840222235005,0.009173210304975147,478,2.6350572657884412
9,15,0.06139504310975015,0.02461221271297371,478,2.6350572657884412
9,16,0.030176265469156048,0.019646138850990393,478,2.6350572657884412
9,17,0.060843789926632676,0.013278177546565642,478,2.6350572657884412
9,18,-0.02020661302191443,0.008883185561921308,478,2.6350572657884412
9,19,0.011432713045734741,0.0020991959771102936,478,2.6350572657884412
9,20,0.00620834348590803,0.0025687671137640485,478,2.6350572657884412
9,21,-0.18188969360734628,0.038281207243174124,478,2.6350572657884412
9,22,0.6530518990680264,0.05315153141291269,478,2.6350572657884412
9,23,0.9130502373104814,0.0744819358930997,478,2.6350572657884412
10,0,0.6541990385893498,0.04056853856667698,478,3.5214869337600643
10,1,0.6031798952294194,0.024635836865730232,478,3.5214869337600643
10,2,0.03284202609600881,0.020024537509248822,478,3.5214869337600643
10,3,-0.019045120502615573,0.008891757342935729,478,3.5214869337600643
10,4,-0.029925613223758203,0.006796025868672398,478,3.5214869337600643
10,5,0.05068496779916676,0.010698377326810898,478,3.5214869337600643
10,6,0.025083955860536966,0.012145083400583515,478,3.5214869337600643
10,7,0.0133736557541532,0.008673006111197456,478,3.5214869337600643
10,8,0.003659162561264996,0.008631093082398516,478,3.5214869337600643
10,9,-0.011780173209920588,0.00988071707905876,478,3.5214869337600643
10,10,0.015011977949900607,0.012149577249446604,478,3.5214869337600643
10,11,-0.08698153396031846,0.02807878636660356,478,3.5214869337600643
10,12,0.11110295910216775,0.006925271333988824,478,3.5214869337600643
10,13,0.05948655026727142,0.008793145419801973,478,3.5214869337600643
10,14,-0.013488059263349079,0.004459166144690947,478,3.5214869337600643
10,15,0.005668461073392605,0.0074140935904324955,478,3.5214869337600643
10,16,0.14477786010279317,0.014453505797804479,478,3.5214869337600643
10,17,0.07909752634279897,0.018063399865952245,478,3.5214869337600643
10,18,0.013685924238739652,0.020041611597470615,478,3.5214869337600643
10,19,0.001093017506300156,0.014005172044905876,478,3.5214869337600643
10,20,0.0056576644027582276,0.015929766100330377,478,3.5214869337600643
10,21,-0.05424332568835015,0.006686349549372042,478,3.5214869337600643
10,22,0.017960255116099593,0.002387086799435495,478,3.5214869337600643
10,23,-0.0051090562692745955,0.0017496734325684288,478,3.5214869337600643
11,0,-0.1375380584884388,0.006601958783957915,478,3.7088758920525904
11,1,0.010317578475345628,0.004166310023522922,478,3.7088758920525904
11,2,-0.009503736156798805,0.004886172024459975,478,3.7088758920525904
11,3,0.2711411749468688,0.040509506078143714,478,3.7088758920525904
11,4,-0.005817378914007083,0.014262078929760289,478,3.7088758920525904
11,5,0.13063920292395428,0.06625422346291321,478,3.7088758920525904
11,6,0.07050751442689776,0.020383216441226145,478,3.7088758920525904
11,7,0.176053956961532,0.015049688617953284,478,3.7088758920525904
11,8,0.013197551212550207,0.015189409277647139,478,3.7088758920525904
11,9,0.036769052928461686,0.010830443960858178,478,3.7088758920525904
11,10,-0.0005854547771948651,0.019740596156222,478,3.7088758920525904
11,11,0.006954562215126708,0.023586570385851147,478,3.7088758920525904
11,12,-0.03858802408354053,0.006033520478410295,478,3.7088758920525904
11,13,0.011851412980626318,0.0020293255889127664,478,3.7088758920525904
11,14,0.011751849781020417,0.006072054674751541,478,3.7088758920525904
11,15,0.060297208849855045,0.013579191502272431,478,3.7088758920525904
11,16,0.058604715758287754,0.01696216711289838,478,3.7088758920525904
11,17,0.05242479047017117,0.03310563932636223,478,3.7088758920525904
11,18,0.05507667393863949,0.01495336933715703,478,3.7088758920525904
11,19,0.03960215696231092,0.014150359812276856,478,3.7088758920525904
11,20,0.18220232321128685,0.013343738924194982,478,3.7088758920525904
11,21,0.007744305802189656,0.008582171121357956,478,3.7088758920525904
11,22,0.16412333913428015,0.011214226583027164,478,3.7088758920525904
11,23,-0.0029218321564806055,0.014915260880449569,478,3.7088758920525904
12,0,0.02217377678619768,0.031387043247511806,478,4.967022044888101
12,1,-0.013941038602565622,0.006671985078699557,478,4.967022044888101
12,2,-0.017706081956999072,0.015360684634695044,478,4.967022044888101
12,3,0.055776199037559863,0.004453916290673265,478,4.967022044888101
12,4,0.059411470860118144,0.0076906255587342945,478,4.967022044888101
12,5,0.017765114995724984,0.012870488390701316,478,4.967022044888101
12,6,0.037924309654714675,0.006969336489297039,478,4.967022044888101
12,7,0.053490927029853086,0.01490397477945903,478,4.967022044888101
12,8,-0.01419686373307615,0.011130489723717996,478,4.967022044888101
12,9,0.07397485477655004,0.05145603704398528,478,4.967022044888101
12,10,-0.0857296598506273,0.012759884693397356,478,4.967022044888101
12,11,0.03448931143373625,0.009760542705844522,478,4.967022044888101
12,12,0.021552527798768366,0.016942246343659186,478,4.967022044888101
12,13,-0.006366557157189277,0.010083933298767857,478,4.967022044888101
12,14,0.03065698416163233,0.015177313068430297,478,4.967022044888101
12,15,-0.009839015026970389,0.0241569236737811,478,4.967022044888101
12,16,0.44570926193412874,0.06795926070511393,478,4.967022044888101
12,17,0.8279037585318338,0.04846413313814938,478,4.967022044888101
12,18,0.059689092835621856,0.009459476734433057,478,4.967022044888101
12,19,-0.045419520414025215,0.0049039307914994,478,4.967022044888101
12,20,-0.03515809350432711,0.008588961329141323,478,4.967022044888101
12,21,-0.0546619862193343,0.022787140255565837,478,4.967022044888101
12,22,0.42943487157382726,0.05838613440445568,478,4.967022044888101
12,23,0.568863609345887,0.020427111031839803,478,4.967022044888101
13,0,-0.005566353578447797,0.009527890863405658,478,6.706520352902273
13,1,-0.07639365016665918,0.04651609543612359,478,6.706520352902273
13,2,0.01963696918726965,0.0052339873677061085,478,6.706520352902273
13,3,0.011490265195838577,0.004359045108136099,478,6.706520352902273
13,4,0.022145142615090853,0.009898361440063863,478,6.706520352902273
13,5,-0.008302628744596217,0.007546122280862715,478,6.706520352902273
13,6,-0.0397985590052904,0.0037591978459662625,478,6.706520352902273
13,7,0.04601505211706441,0.00585616048837859,478,6.706520352902273
13,8,-0.07671649386194461,0.013125469373388711,478,6.706520352902273
13,9,0.014856100082397461,0.016572564047533395,478,6.706520352902273
13,10,-0.03657333122636484,0.01167356992470853,478,6.706520352902273
13,11,0.5008134542648762,0.03047687892876619,478,6.706520352902273
13,12,0.0503698462721693,0.007176017254238091,478,6.706520352902273
13,13,0.0045454871205605225,0.0010433289470749754,478,6.706520352902273
13,14,-0.005243022072764121,0.0037140123830723105,478,6.706520352902273
13,15,0.0034454088330767643,0.0103126895617475,478,6.706520352902273
13,16,-0.014681231526650145,0.0046446979536598,478,6.706520352902273
13,17,-0.013104733064084871,0.0111945550741491,478,6.706520352902273
13,18,0.042410030524600996,0.03424784120226381,478,6.706520352902273
13,19,2.378514536255074,0.0936460728243917,478,6.706520352902273
13,20,-0.11371088626494467,0.036865072353121746,478,6.706520352902273
13,21,0.06590966599755706,0.01000550889502153,478,6.706520352902273
13,22,0.021981853820290026,0.005727252672186011,478,6.706520352902273
13,23,0.004547713690721839,0.014274142108966745,478,6.706520352902273
14,0,-0.007910023174525304,0.0009538366604759886,478,7.774301169806445
14,1,0.0013223422621084556,0.0005826735550905576,478,7.774301169806445
14,2,-0.0039018856431649817,0.0005105010899485788,478,7.774301169806445
14,3,0.034297736618808125,0.053277701391178406,478,7.774301169806445
14,4,-0.13214835462211066,0.0179298537367676,478,7.774301169806445
14,5,0.49427419427049707,0.021189900056608302,478,7.774301169806445
14,6,0.17244544188846603,0.009731212170205488,478,7.774301169806445
14,7,0.03208985388528353,0.005880432464835108,478,7.774301169806445
14,8,-0.016349549074053265,0.00890413234278246,478,7.774301169806445
14,9,0.03702582375275041,0.00397610494214946,478,7.774301169806445
14,10,-0.00048680485043066813,0.0031350045879331126,478,7.774301169806445
14,11,0.03699074230433508,0.0067539484480199025,478,7.774301169806445
14,12,0.019478271197075625,0.007517676254569533,478,7.774301169806445
14,13,0.02565781740962711,0.008887543674312964,478,7.774301169806445
14,14,0.0009333708296261073,0.0030469318873367307,478,7.774301169806445
14,15,-0.005285200214785013,0.028481768593576005,478,7.774301169806445
14,16,0.04361663004344477,0.0065362685200934115,478,7.774301169806445
14,17,0.010775350626542479,0.02067523039874407,478,7.774301169806445
14,18,-0.051329489033591295,0.016961936115595055,478,7.774301169806445
14,19,-0.0011309400263191766,0.013966690893813754,478,7.774301169806445
14,20,0.6235584374751008,0.039284377957553164,478,7.774301169806445
14,21,-0.011680316725535373,0.0011903946976292005,478,7.774301169806445
14,22,-0.0184569298971647,0.0010495619111650582,478,7.774301169806445
14,23,-0.027270611359983307,0.0017181249335123227,478,7.774301169806445
15,0,-0.003873447992811642,0.0020072455688030545,478,9.225344059357584
15,1,-0.004967843139520749,0.0012122356668781327,478,9.225344059357584
15,2,0.06146787100756019,0.01632770458395649,478,9.225344059357584
15,3,0.015184769570578092,0.001670322326095569,478,9.225344059357584
15,4,0.033654346625675215,0.009495280624730497,478,9.225344059357584
15,5,0.005114738911265609,0.011700141067845518,478,9.225344059357584
15,6,-0.01447648084313301,0.0013994286647158825,478,9.225344059357584
15,7,-0.0014193087940934312,0.0013698686550884178,478,9.225344059357584
15,8,-0.010033352105687354,0.001366618287220333,478,9.225344059357584
15,9,0.12463652838224147,0.014032686130011202,478,9.225344059357584
15,10,-0.025787439306410784,0.0050648240021743535,478,9.225344059357584
15,11,0.06256184518087858,0.011685136315322427,478,9.225344059357584
15,12,-0.001512693061988224,0.0009400685819154018,478,9.225344059357584
15,13,-0.009081002558624394,0.0008356536100000591,478,9.225344059357584
15,14,-0.03667854165432343,0.002973976728575771,478,9.225344059357584
15,15,0.514386955165464,0.08484402146078177,478,9.225344059357584
15,16,-0.1161259088556138,0.013178715475478095,478,9.225344059357584
15,17,0.011658899953674572,0.0029381230850880438,478,9.225344059357584
15,18,-0.019611542194957015,0.009990223164040822,478,9.225344059357584
15,19,0.03161771327381852,0.005565595962956271,478,9.225344059357584
15,20,0.0603395845101967,0.005897962055061301,478,9.225344059357584
15,21,-0.06037809060707252,0.029173436231337797,478,9.225344059357584
15,22,0.02349162001988878,0.0037467307111990144,478,9.225344059357584
15,23,0.06599994882878898,0.011055264550597705,478,9.225344059357584
16,0,-0.00602963978276592,0.0014516584198547963,478,10.857390012701186
16,1,0.005800229236171834,0.0024015583920277664,478,10.857390012701186
16,2,-0.012666594533241942,0.001125186056688309,478,10.857390012701186
16,3,-0.0007196390479179606,0.0004622124216311778,478,10.857390012701186
16,4,-0.0071342979016164355,0.0027383781151721224,478,10.857390012701186
16,5,0.015183915652989344,0.006975785380778903,478,10.857390012701186
16,6,-0.030775163961753685,0.015563904656975502,478,10.857390012701186
16,7,-0.01847453895473081,0.00852774074245227,478,10.857390012701186
16,8,0.005609584153945476,0.003101522892126839,478,10.857390012701186
16,9,1.0394491231591132,0.041170978261179644,478,10.857390012701186
16,10,-0.013880875320115348,0.0009582574202024675,478,10.857390012701186
16,11,0.0006337664616157819,0.001730878134791682,478,10.857390012701186
16,12,-0.00842538338824795,0.0006515458765049137,478,10.857390012701186
16,13,-0.007514436873431984,0.0022584767340838446,478,10.857390012701186
16,14,-0.0015679981918015739,0.0011583568063699384,478,10.857390012701186
16,15,0.0016412276104404338,0.00602417375042564,478,10.857390012701186
16,16,0.06396233387073214,0.00807863275452772,478,10.857390012701186
16,17,-0.03509824146286713,0.008374738618966066,478,10.857390012701186
16,18,0.008619464092174834,0.010598503761591492,478,10.857390012701186
16,19,0.004801670377723343,0.007559211433770642,478,10.857390012701186
16,20,-0.013243543553053086,0.006224043099744597,478,10.857390012701186
16,21,0.0010550171760335626,0.001801497556604571,478,10.857390012701186
16,22,-0.00021331380101926158,0.0006496201580740976,478,10.857390012701186
16,23,-0.007543308465550634,0.0011120196221363727,478,10.857390012701186
17,0,0.012689279213111271,0.0019314160721347845,478,11.260737061999333
17,1,0.009128309194014162,0.002397079468284273,478,11.260737061999333
17,2,0.014903371802932547,0.004252838619931431,478,11.260737061999333
17,3,-0.008960073463088797,0.0012809915239004367,478,11.260737061999333
17,4,6.619457420444888e-05,0.0013549981449200753,478,11.260737061999333
17,5,0.001438747390044783,0.0025846669983355555,478,11.260737061999333
17,6,0.014595255193351203,0.0066722253368484965,478,11.260737061999333
17,7,-0.022649920635143584,0.003991265442936212,478,11.260737061999333
17,8,0.0005369665233659944,0.00589543348335463,478,11.260737061999333
17,9,0.007017247347652164,0.0013528375260203035,478,11.260737061999333
17,10,0.012479081812264032,0.0039030116724998783,478,11.260737061999333
17,11,-0.005857312030872042,0.0013796811395700643,478,11.260737061999333
17,12,-0.005839964335932393,0.0017529483939302429,478,11.260737061999333
17,13,0.00408687352136588,0.0029095255775089222,478,11.260737061999333
17,14,0.003313810755518191,0.0009984244227791716,478,11.260737061999333
17,15,-0.00545333319628089,0.011024414307823466,478,11.260737061999333
17,16,-0.01605879811562255,0.002567278526283639,478,11.260737061999333
17,17,0.023261034339042887,0.004662778205269697,478,11.260737061999333
17,18,-0.0023894928489270073,0.0007977374033241941,478,11.260737061999333
17,19,-0.008392326003836787,0.000904497160217175,478,11.260737061999333
17,20,-0.0010307902571546482,0.0003091253389225992,478,11.260737061999333
17,21,-0.0011001710612404795,0.004492061515321293,478,11.260737061999333
17,22,0.0010042888848851416,0.0016977998664737335,478,11.260737061999333
17,23,0.0057294219108805,0.0023364089491138564,478,11.260737061999333
18,0,0.009518409872653594,0.003450177545590094,478,11.96661903668647
18,1,-0.0007824339128438399,0.0012436504083533123,478,11.96661903668647
18,2,-0.011996977498840588,0.0011062531285722609,478,11.96661903668647
18,3,-1.0707887146762225e-05,0.0006036885412686729,478,11.96661903668647
18,4,-0.0005143756148206639,0.0004309411952123843,478,11.96661903668647
18,5,0.0001609315433262781,0.0009127522554294031,478,11.96661903668647
18,6,0.1220744264674486,0.009994395306620612,478,11.96661903668647
18,7,0.09602090803649137,0.020884200549448433,478,11.96661903668647
18,8,-0.05157564474448998,0.012553466224246586,478,11.96661903668647
18,9,0.03128189821123578,0.0039874617760105565,478,11.96661903668647
18,10,-0.011046706881982013,0.0016356254364591535,478,11.96661903668647
18,11,0.00903120200504319,0.0027889724066593427,478,11.96661903668647
18,12,-0.0017760727694842607,0.0023870990600730756,478,11.96661903668647
18,13,0.014352754568953893,0.004521418305418121,478,11.96661903668647
18,14,0.014227631700587572,0.004813083246749886,478,11.96661903668647
18,15,0.001154983392819201,0.0005297647265905458,478,11.96661903668647
18,16,-0.004604738626520005,0.0009693870300248711,478,11.96661903668647
18,17,0.014557329680630353,0.003956954126316441,478,11.96661903668647
18,18,0.006386631203495808,0.0027735197574595837,478,11.96661903668647
18,19,-0.0016883846107387144,0.006814108426091549,478,11.96661903668647
18,20,-0.0035886584964257406,0.003948854912716353,478,11.96661903668647
18,21,-0.0006828667229688317,0.0010838870917584127,478,11.96661903668647
18,22,-0.008907425852500246,0.004658966808476018,478,11.96661903668647
18,23,0.007856520648780728,0.005156326279774853,478,11.96661903668647
19,0,-0.008056598727174383,0.001984906811475405,478,12.216426370532941
19,1,0.012650926741596047,0.004817790568716039,478,12.216426370532941
19,2,0.00997447368988931,0.0031993616769848874,478,12.216426370532941
19,3,0.011247692746597353,0.0017067783805641726,478,12.216426370532941
19,4,-0.01992163997314964,0.002759634916547179,478,12.216426370532941
19,5,0.004868178188052636,0.001350864766194366,478,12.216426370532941
19,6,-0.015263894611821514,0.003659691804866395,478,12.216426370532941
19,7,-0.05054746611846541,0.010041628420753368,478,12.216426370532941
19,8,0.005107905575421066,0.0034759515981788334,478,12.216426370532941
19,9,-0.005469048871156062,0.003510402986147925,478,12.216426370532941
19,10,0.0012753199333925128,0.001953282986341002,478,12.216426370532941
19,11,0.002989310100986369,0.0014185197235377968,478,12.216426370532941
19,12,-0.012498015639173436,0.0008242214128183973,478,12.216426370532941
19,13,0.049027327214324824,0.009496132751653752,478,12.216426370532941
19,14,0.12614849521525234,0.006947829199934351,478,12.216426370532941
19,15,0.0037531693111403715,0.0012922658867422746,478,12.216426370532941
19,16,-0.004661542102382772,0.0010935809549052105,478,12.216426370532941
19,17,0.0048027158282291935,0.0024284634117861226,478,12.216426370532941
19,18,0.02619136227723445,0.004939038424677044,478,12.216426370532941
19,19,0.022282077677579105,0.004415722945480192,478,12.216426370532941
19,20,-0.019662986739410016,0.002360298022057947,478,12.216426370532941
19,21,-0.004608226121718914,0.0015560265332238141,478,12.216426370532941
19,22,-0.004976958909294097,0.000709470601099424,478,12.216426370532941
19,23,-0.0015155720411484212,0.0005397606636648715,478,12.216426370532941
20,0,0.0012724549201741876,0.0004630346291701796,478,11.946691648730672
20,1,-0.008662151991074056,0.0015506196776237866,478,11.946691648730672
20,2,-0.001124832919451981,0.0010833460026278222,478,11.946691648730672
20,3,-0.0057189614204183285,0.001902390710884105,478,11.946691648730672
20,4,-0.008338912261579824,0.0037172628997903987,478,11.946691648730672
20,5,0.000767797605761923,0.002210865635392144,478,11.946691648730672
20,6,0.02127798232074562,0.0032133154318154554,478,11.946691648730672
20,7,0.0007364281051827276,0.0007542812322140657,478,11.946691648730672
20,8,-0.0005259154730760902,0.0009978351625511673,478,11.946691648730672
20,9,-0.0008877251437518387,0.002644831889592448,478,11.946691648730672
20,10,-0.0006959149029464402,0.0018155209757656284,478,11.946691648730672
20,11,0.0006801234129582489,0.004714541669808202,478,11.946691648730672
20,12,0.0023510725428369755,0.0004646473679900582,478,11.946691648730672
20,13,-0.0031844641873028487,0.005427883593681089,478,11.946691648730672
20,14,-0.0036144555861979846,0.0028494504015573636,478,11.946691648730672
20,15,-0.002335937452116771,0.000892215945772583,478,11.946691648730672
20,16,0.004307208200877681,0.002079440555256204,478,11.946691648730672
20,17,-0.003124115357339133,0.0007121707796787154,478,11.946691648730672
20,18,0.040610301444720026,0.0061981387048937915,478,11.946691648730672
20,19,-0.0016067736318420667,0.0018839975116680858,478,11.946691648730672
20,20,-0.010581156199946064,0.0049534208440481274,478,11.946691648730672
20,21,0.007057824394194152,0.005049499837747566,478,11.946691648730672
20,22,-0.005097554817359318,0.0008552598699094816,478,11.946691648730672
20,23,0.0034452582004180013,0.0006537941277196947,478,11.946691648730672
21,0,-0.005560310315886302,0.0008524861269391027,478,12.592849360350286
21,1,-0.0007018464379729586,0.0008861686908577188,478,12.592849360350286
21,2,0.004407796899643902,0.0008001920053993502,478,12.592849360350286
21,3,0.002246170363166841,0.0008056748874907291,478,12.592849360350286
21,4,0.0016865710334299,0.0018934123365325138,478,12.592849360350286
21,5,-0.003015444368498096,0.0007408717947023919,478,12.592849360350286
21,6,-0.0025556576301862008,0.0008759221799418829,478,12.592849360350286
21,7,-0.003474594658887536,0.0008217382548697992,478,12.592849360350286
21,8,-0.0043849945068359375,0.0013014031364302694,478,12.592849360350286
21,9,-0.021128143725534863,0.0027703614496374074,478,12.592849360350286
21,10,0.0208701608570051,0.004313798580167706,478,12.592849360350286
21,11,0.003266980957286627,0.0015038584724006768,478,12.592849360350286
21,12,-0.0022730228791177022,0.004819268057651606,478,12.592849360350286
21,13,0.00036358933069715937,0.005206174650414312,478,12.592849360350286
21,14,0.0010463423309964616,0.000877659417063957,478,12.592849360350286
21,15,-0.002329461245357242,0.006128552073982841,478,12.592849360350286
21,16,-0.001962408361075812,0.0008466422358889309,478,12.592849360350286
21,17,-0.0021325534357685425,0.004927123790419343,478,12.592849360350286
21,18,0.0015375763801351251,0.001697589828652518,478,12.592849360350286
21,19,-0.005168611534469796,0.001964240107078746,478,12.592849360350286
21,20,0.006783172176472812,0.001212737154951893,478,12.592849360350286
21,21,0.002763091769677326,0.0013889146886113465,478,12.592849360350286
21,22,-0.00013828676614801254,0.0008119905324734092,478,12.592849360350286
21,23,-0.005302501024062664,0.0008766148523835555,478,12.592849360350286
22,0,-0.01087546448328505,0.0013471920654449458,478,12.823488103794752
22,1,-0.012362929068848678,0.001015628291551861,478,12.823488103794752
22,2,-0.010616162830815654,0.001253760852025483,478,12.823488103794752
22,3,3.112409902915795e-06,0.00297159716752261,478,12.823488103794752
22,4,0.0015788257870215253,0.0029648969152969973,478,12.823488103794752
22,5,-0.0005762427421793279,0.003055398944867393,478,12.823488103794752
22,6,0.006065486365282386,0.001262090004853883,478,12.823488103794752
22,7,-0.004220373959720883,0.0005611953416274366,478,12.823488103794752
22,8,-0.008725327926699587,0.0011362704608942305,478,12.823488103794752
22,9,0.0012558913131139268,0.004521550649846058,478,12.823488103794752
22,10,-0.003163543206378506,0.009706631204085542,478,12.823488103794752
22,11,0.0012689055758041319,0.0035230325888173605,478,12.823488103794752
22,12,-0.0002149378405455266,0.0030853136906675844,478,12.823488103794752
22,13,0.05721730866691557,0.008039328408877755,478,12.823488103794752
22,14,0.16955679330865708,0.022703848894832852,478,12.823488103794752
22,15,0.009543289200531388,0.015360013204847292,478,12.823488103794752
22,16,-0.024002350523880833,0.001930005085045201,478,12.823488103794752
22,17,-0.12427402041447212,0.008528559605479361,478,12.823488103794752
22,18,-0.007032288667048371,0.0007450698557901416,478,12.823488103794752
22,19,-0.0041040256931193205,0.0005693987077036939,478,12.823488103794752
22,20,0.0005014930310109669,0.0006241269313413449,478,12.823488103794752
22,21,-1.844701407843554e-05,0.0009225601174629456,478,12.823488103794752
22,22,-0.006639893583672815,0.0011853715410147176,478,12.823488103794752
22,23,-0.0033912080102385836,0.000841058267557798,478,12.823488103794752
23,0,-0.00793852067891524,0.005088926494686321,478,13.399709424214382
23,1,-0.0257770646067344,0.0023653933878253126,478,13.399709424214382
23,2,0.0216040391802289,0.003171730195475302,478,13.399709424214382
23,3,-0.009475765866714541,0.0019849241863710357,478,13.399709424214382
23,4,0.004877024614661309,0.0015356825285804687,478,13.399709424214382
23,5,0.023869167311919782,0.003167038119740191,478,13.399709424214382
23,6,-0.030477443998328812,0.0022971848157406338,478,13.399709424214382
23,7,-0.022327315358437256,0.002653411819971114,478,13.399709424214382
23,8,-0.014906570003621248,0.0028917796563867585,478,13.399709424214382
23,9,0.001938775992293737,0.002340917395519035,478,13.399709424214382
23,10,0.009953379132258843,0.0015300005140212,478,13.399709424214382
23,11,-0.0002809368915637667,0.0034662836373362607,478,13.399709424214382
23,12,-0.01033097829778823,0.0009872643287897082,478,13.399709424214382
23,13,0.09248247505730665,0.007095083748635166,478,13.399709424214382
23,14,0.044162097835141745,0.00651905956264626,478,13.399709424214382
23,15,-0.000807606525500948,0.009332818351831404,478,13.399709424214382
23,16,0.010178657755193351,0.005082875451061052,478,13.399709424214382
23,17,0.20051813125610352,0.013610301713331241,478,13.399709424214382
23,18,-0.004777194067025284,0.001730789235179834,478,13.399709424214382
23,19,-0.00621478427902924,0.0005609181205140628,478,13.399709424214382
23,20,0.01708247372296066,0.004670509830069975,478,13.399709424214382
23,21,-0.006418102455937214,0.0010218619901793489,478,13.399709424214382
23,22,0.005109154529651339,0.0025657064243015345,478,13.399709424214382
23,23,0.0235234184743969,0.006463212968993749,478,13.399709424214382
24,0,-0.004969634770349478,0.000556091542771007,478,13.804653560766116
24,1,0.0030536112924998775,0.0006114610420663375,478,13.804653560766116
24,2,-0.0011075131563960759,0.0004042234104349963,478,13.804653560766116
24,3,0.012395282170762576,0.0014437285193868584,478,13.804653560766116
24,4,0.004956983622147947,0.0034593408848654296,478,13.804653560766116
24,5,0.004462160325948165,0.0006836072392411442,478,13.804653560766116
24,6,-0.0005344825808473212,0.004052626026516646,478,13.804653560766116
24,7,-0.005897304502989957,0.0020402165419506632,478,13.804653560766116
24,8,-0.0006772424386634986,0.0021373668701756233,478,13.804653560766116
24,9,-0.005428916739619426,0.0011656946713810754,478,13.804653560766116
24,10,-0.006797435393393289,0.0033125190584627796,478,13.804653560766116
24,11,0.041226001962957025,0.0050525406387796935,478,13.804653560766116
24,12,-0.007687213530600321,0.003642120961165783,478,13.804653560766116
24,13,-0.004620027342600802,0.0005662130968891191,478,13.804653560766116
24,14,-0.005964684187118977,0.0007776376284609051,478,13.804653560766116
24,15,0.0020536199274422233,0.0007890058394331874,478,13.804653560766116
24,16,-0.0009020761465926549,0.0018196520427763072,478,13.804653560766116
24,17,0.0028349704822237024,0.0008627853395874937,478,13.804653560766116
24,18,-0.0028068211288132926,0.0006631265791310663,478,13.804653560766116
24,19,-0.020323310437062793,0.0079004080760522,478,13.804653560766116
24,20,-0.018587589263916016,0.006778879797117076,478,13.804653560766116
24,21,-0.024361357030509408,0.010326252681562518,478,13.804653560766116
24,22,0.002867798426161251,0.00137144153075731,478,13.804653560766116
24,23,-0.019935466255602975,0.0018494855067339216,478,13.804653560766116
25,0,-0.001158638479320574,0.0006674464914622223,478,15.152256383057917
25,1,-0.0028399263964537296,0.0005462310725832613,478,15.152256383057917
25,2,-0.003570239414231049,0.0006566704227760575,478,15.152256383057917
25,3,-0.0018780640478413475,0.0002987642930269183,478,15.152256383057917
25,4,-0.00015679762453214892,0.00027933147975268274,478,15.152256383057917
25,5,-0.0025743580263528866,0.0003701620337174734,478,15.152256383057917
25,6,0.019986208512693268,0.0021916774862017516,478,15.152256383057917
25,7,-0.02970014955209389,0.004991011065428251,478,15.152256383057917
25,8,0.026369779179784544,0.002141513807887081,478,15.152256383057917
25,9,-0.008081667592834728,0.0009589358416063287,478,15.152256383057917
25,10,-0.004062341346900334,0.0006113728514674879,478,15.152256383057917
25,11,-0.00496447535239503,0.0006452778272631504,478,15.152256383057917
25,12,0.042482003008471374,0.006555832268417113,478,15.152256383057917
25,13,0.010598655525111753,0.003521368299985732,478,15.152256383057917
25,14,-0.010878630761820902,0.0011598357510229564,478,15.152256383057917
25,15,-0.0075299829618701375,0.001636349689365372,478,15.152256383057917
25,16,-0.013385052461504437,0.001922555506289474,478,15.152256383057917
25,17,-0.011040659629151413,0.001883392872807799,478,15.152256383057917
25,18,-0.019299890206947487,0.005716435539186561,478,15.152256383057917
25,19,-0.045093211170020964,0.010991928638509044,478,15.152256383057917
25,20,-0.007247042955215007,0.0019679498899940005,478,15.152256383057917
25,21,-0.013687447025187345,0.011289434431751283,478,15.152256383057917
25,22,-0.03074464438849413,0.0033860915219362958,478,15.152256383057917
25,23,0.012705972503917487,0.004112972038178089,478,15.152256383057917
26,0,-0.028917378461510566,0.008121496327416069,478,15.600308805330029
26,1,0.19617106824739208,0.013022219519657437,478,15.600308805330029
26,2,0.0928126678307186,0.00651116821878128,478,15.600308805330029
26,3,-0.050240323134546,0.0047316646849025375,478,15.600308805330029
26,4,-0.03304258450304614,0.0035186563669484167,478,15.600308805330029
26,5,-0.050484491691429746,0.011532413568536591,478,15.600308805330029
26,6,-0.0016478354960804704,0.00196510676228658,478,15.600308805330029
26,7,0.019032665875167526,0.0024898912890778876,478,15.600308805330029
26,8,-0.01396716688467369,0.0010109315027611943,478,15.600308805330029
26,9,0.0014714915383310997,0.003576842672866075,478,15.600308805330029
26,10,0.002512285400135248,0.002140576034631165,478,15.600308805330029
26,11,0.0013058574628630442,0.0013114458403570746,478,15.600308805330029
26,12,-0.001516174571783473,0.004539914961704631,478,15.600308805330029
26,13,-0.008120203616728843,0.007253842496079406,478,15.600308805330029
26,14,-0.001688959209490022,0.0026735822667585,478,15.600308805330029
26,15,-0.009652692403753433,0.0011417167859216458,478,15.600308805330029
26,16,0.0025937287877294307,0.0007680028521283058,478,15.600308805330029
26,17,0.0005544099847641948,0.0008492573519580673,478,15.600308805330029
26,18,-0.13118621395222813,0.025961533538026504,478,15.600308805330029
26,19,0.16593622463018826,0.009939910683868004,478,15.600308805330029
26,20,0.14750330019196706,0.008724686570592886,478,15.600308805330029
26,21,0.00688218272380749,0.0028396945186620302,478,15.600308805330029
26,22,-0.0036308496068212276,0.003479565943112107,478,15.600308805330029
26,23,0.0046041600374995915,0.003158520644837874,478,15.600308805330029
27,0,0.017120475050794528,0.0021686246480216004,478,15.11562829237104
27,1,0.09584324130453326,0.009965792072123864,478,15.11562829237104
27,2,0.05843623213189417,0.008682922936298297,478,15.11562829237104
27,3,-0.01326260307343934,0.0031253742562376255,478,15.11562829237104
27,4,0.013569231312644033,0.0011123951468910021,478,15.11562829237104
27,5,0.013432873841608918,0.0014533093425833695,478,15.11562829237104
27,6,0.015422408052069373,0.00268675193348849,478,15.11562829237104
27,7,0.07722179460725026,0.010487491543417896,478,15.11562829237104
27,8,-0.038148538836874225,0.007405290574909151,478,15.11562829237104
27,9,-0.004293427806519066,0.005226109607789877,478,15.11562829237104
27,10,-0.03238052703346667,0.004250842459300385,478,15.11562829237104
27,11,0.06672019040734199,0.03489569553968149,478,15.11562829237104
27,12,-0.0008627700007610242,0.0005726628417598696,478,15.11562829237104
27,13,-0.011514526032004896,0.0013670711285460556,478,15.11562829237104
27,14,0.0019211988568804753,0.0007420058680708354,478,15.11562829237104
27,15,0.005083537001988878,0.0012745313306302096,478,15.11562829237104
27,16,0.003714764966126765,0.0015481200250679135,478,15.11562829237104
27,17,-0.005579092512569667,0.0010976725911213548,478,15.11562829237104
27,18,0.11082881664132474,0.008621993892711236,478,15.11562829237104
27,19,0.1062141482301337,0.008964972214297333,478,15.11562829237104
27,20,-0.02207620173817399,0.00321709894755369,478,15.11562829237104
27,21,0.023007869720458984,0.0033416039805036985,478,15.11562829237104
27,22,-0.0035787386874274727,0.0009731179984376225,478,15.11562829237104
27,23,0.00014583036989347705,0.00046860925010156553,478,15.11562829237104
